{
      "type": "Feature",
      "properties": {
        "id": 3,
        "Nom": "Ma-am Bolduc",
        "Note": 4,
        "Type": "Lieu",
        "Theme" : "Bouffe",
        "Categorie": "Brunch",
        "Adresse": "4351 Avenue de Lorimier, Montréal, H2H 2B3",
        "Web": "http://www.maammbolduc.com/fr/accueil‎",
        "DateTest": "27 octobre 2013",
        "Photo": [
          {
            "URL": "bolduc1.jpg",
            "Legende": "boucherville blabla"
          },
          {
            "URL": "bolduc2.jpg",
            "Legende": "Les dimanches du conte"
          }
        ],
        "Comm": "super brunch, Terrasse pas très sympathique car trop proche du boulevard mais en tout cas c''est un chouette endroit bien cosis et avec des serveurs biens sympathiques"
      },
      "geometry": {
        "type": "Point",
        "coordinates": [
          -73.57027888298035,
          45.53429218887359
        ]
      }
}