{
  "type": "Feature",
  "properties": {
      "id" : 6,
      "Nom" : "Marius et Fanny",
      "Type"  :null,
      "Theme" :null,
      "Adresse" :null,
      "Web" :null,
      "DateTest"  :null,
      "Comm"  :null,
      "Categorie" :null,
      "Depart"  :null,
      "Arrivee" :null,
      "Km"  :null,
      "Duree" :null,
      "NbJour"  :null,
      "Note"  :null,
      "Photo" :
          [      
            {
              "URL"  : null,
              "Legende"  : null
            }  
          ],      
      "Etape" : [
          {
          "Descriptif"  : null,
          "Numero"  : 1 
          }
      ] 
},
  "geometry": {
    "type": "Point",
    "coordinates": [
      -73.58238101005554,
      45.52378849362283
    ]
  }
}