{
  "type": "Feature",
  "properties": {
      "id" : 8,
      "Nom" : "Five Guys",
      "Type"  :null,
      "Theme" :null,
      "Adresse" :"468 Mc Gill, \n Montréal, QC, H2Y2H4",
      "Web" :"http://www.fiveguys.com/",
      "DateTest"  :null,
      "Comm"  :null,
      "Categorie" :null,
      "Depart"  :null,
      "Arrivee" :null,
      "Km"  :null,
      "Duree" :null,
      "NbJour"  :null,
      "Note"  :null,
      "Photo" :
          [      
            {
              "URL"  : null,
              "Legende"  : null
            }  
          ],      
      "Etape" : [
          {
          "Descriptif"  : null,
          "Numero"  : 1 
          }
      ] 
},
  "geometry": {
    "type": "Point",
    "coordinates": [
      -73.559086,
      45.500724
    ]
  }
}